{
  "help": {
    "precision": 0.8,
    "recall": 1.0,
    "f1-score": 0.888888888888889,
    "support": 4,
    "confused_with": {}
  },
  "goodnight": {
    "precision": 1.0,
    "recall": 1.0,
    "f1-score": 1.0,
    "support": 4,
    "confused_with": {}
  },
  "mood_great": {
    "precision": 0.8333333333333334,
    "recall": 0.625,
    "f1-score": 0.7142857142857143,
    "support": 8,
    "confused_with": {
      "scold": 1,
      "deny": 1
    }
  },
  "sing_poem": {
    "precision": 0.75,
    "recall": 1.0,
    "f1-score": 0.8571428571428571,
    "support": 6,
    "confused_with": {}
  },
  "suprise": {
    "precision": 0.6666666666666666,
    "recall": 0.5,
    "f1-score": 0.5714285714285715,
    "support": 4,
    "confused_with": {
      "affirm": 1,
      "mood_unhappy": 1
    }
  },
  "ask_love": {
    "precision": 0.42857142857142855,
    "recall": 0.6,
    "f1-score": 0.5,
    "support": 5,
    "confused_with": {
      "ask_relationship": 1,
      "gender": 1
    }
  },
  "scold": {
    "precision": 0.3333333333333333,
    "recall": 0.2222222222222222,
    "f1-score": 0.26666666666666666,
    "support": 9,
    "confused_with": {
      "mood_unhappy": 3,
      "how_old": 3
    }
  },
  "deny": {
    "precision": 0.7777777777777778,
    "recall": 0.875,
    "f1-score": 0.823529411764706,
    "support": 8,
    "confused_with": {
      "mood_great": 1
    }
  },
  "mood_unhappy": {
    "precision": 0.6923076923076923,
    "recall": 0.75,
    "f1-score": 0.7199999999999999,
    "support": 12,
    "confused_with": {
      "suprise": 1,
      "scold": 1
    }
  },
  "greet": {
    "precision": 1.0,
    "recall": 0.8333333333333334,
    "f1-score": 0.9090909090909091,
    "support": 6,
    "confused_with": {
      "how_are_u": 1
    }
  },
  "affirm": {
    "precision": 0.6666666666666666,
    "recall": 0.2857142857142857,
    "f1-score": 0.4,
    "support": 7,
    "confused_with": {
      "help": 1,
      "sing_poem": 1
    }
  },
  "ask_relationship": {
    "precision": 0.42857142857142855,
    "recall": 0.75,
    "f1-score": 0.5454545454545454,
    "support": 4,
    "confused_with": {
      "ask_love": 1
    }
  },
  "wat_name": {
    "precision": 0.5,
    "recall": 0.6666666666666666,
    "f1-score": 0.5714285714285715,
    "support": 3,
    "confused_with": {
      "ask_love": 1
    }
  },
  "address": {
    "precision": 0.8571428571428571,
    "recall": 0.8571428571428571,
    "f1-score": 0.8571428571428571,
    "support": 7,
    "confused_with": {
      "how_old": 1
    }
  },
  "introduce": {
    "precision": 0.0,
    "recall": 0.0,
    "f1-score": 0.0,
    "support": 5,
    "confused_with": {
      "ask_love": 2,
      "wat_name": 1,
      "ask_relationship": 1
    }
  },
  "gender": {
    "precision": 0.8,
    "recall": 1.0,
    "f1-score": 0.888888888888889,
    "support": 12,
    "confused_with": {}
  },
  "how_are_u": {
    "precision": 0.0,
    "recall": 0.0,
    "f1-score": 0.0,
    "support": 3,
    "confused_with": {
      "wat_name": 1,
      "ask_relationship": 1,
      "how_old": 1
    }
  },
  "goodbye": {
    "precision": 1.0,
    "recall": 0.75,
    "f1-score": 0.8571428571428571,
    "support": 4,
    "confused_with": {
      "lookUp_english": 1
    }
  },
  "how_old": {
    "precision": 0.25,
    "recall": 0.4,
    "f1-score": 0.3076923076923077,
    "support": 5,
    "confused_with": {
      "address": 1,
      "ask_author": 1
    }
  },
  "comedy_story": {
    "precision": 1.0,
    "recall": 0.5,
    "f1-score": 0.6666666666666666,
    "support": 2,
    "confused_with": {
      "sing_poem": 1
    }
  },
  "lookUp_english": {
    "precision": 0.8333333333333334,
    "recall": 0.9090909090909091,
    "f1-score": 0.8695652173913043,
    "support": 11,
    "confused_with": {
      "gender": 1
    }
  },
  "thanks": {
    "precision": 1.0,
    "recall": 1.0,
    "f1-score": 1.0,
    "support": 5,
    "confused_with": {}
  },
  "ask_author": {
    "precision": 0.5,
    "recall": 0.5,
    "f1-score": 0.5,
    "support": 2,
    "confused_with": {
      "ask_relationship": 1
    }
  },
  "accuracy": 0.6911764705882353,
  "macro avg": {
    "precision": 0.6572915007697617,
    "recall": 0.6532247945291424,
    "f1-score": 0.6397832578728831,
    "support": 136
  },
  "weighted avg": {
    "precision": 0.6809097356891476,
    "recall": 0.6911764705882353,
    "f1-score": 0.6728643213346838,
    "support": 136
  },
  "micro avg": {
    "precision": 0.6911764705882353,
    "recall": 0.6911764705882353,
    "f1-score": 0.6911764705882353,
    "support": 136
  }
}